id,username,email,created_at
1,forestcanyon64,forestcanyon64@example.com,2025-01-23 23:44:33
2,opalisland29,opalisland29@hackstack.io,2025-03-28 21:52:49
3,younglagoon68,younglagoon68@seeded.app,2025-12-07 12:16:27
4,rapidkernel15,rapidkernel15@seeded.app,2025-07-28 02:46:01
5,urbanorbit68,urbanorbit68@seeded.app,2025-09-06 23:57:47
6,briskquartz79,briskquartz79@acme.dev,2025-10-13 09:16:02
7,mellowanchor09,mellowanchor09@acme.dev,2025-09-18 15:56:15
8,youngnetwork65,youngnetwork65@seeded.app,2024-08-17 15:31:17
9,emberengine73,emberengine73@seeded.app,2024-12-08 22:26:17
10,clearjourney81,clearjourney81@opswise.net,2025-11-07 12:15:53
11,rapidpioneer56,rapidpioneer56@relay.cloud,2024-01-25 17:37:08
12,harborlagoon78,harborlagoon78@example.com,2024-11-30 04:23:24
13,tidyorbit71,tidyorbit71@hackstack.io,2024-10-12 18:04:57
14,tidyriver86,tidyriver86@relay.cloud,2024-09-03 10:09:43
15,youngzenith03,youngzenith03@acme.dev,2024-03-15 06:09:21
16,quietvalley97,quietvalley97@opswise.net,2024-01-09 16:09:25
17,mellowanchor30,mellowanchor30@acme.dev,2024-02-10 02:02:29
18,quietfield01,quietfield01@opswise.net,2024-03-20 10:22:49
19,calmisland78,calmisland78@opswise.net,2024-06-04 18:06:29
20,calmlagoon48,calmlagoon48@seeded.app,2025-08-12 19:19:15
21,proudjourney22,proudjourney22@example.com,2024-06-20 02:49:51
22,livelytrail19,livelytrail19@example.com,2024-08-10 10:54:28
23,embermeadow92,embermeadow92@acme.dev,2024-01-22 15:35:33
24,youngharvest19,youngharvest19@relay.cloud,2024-03-03 17:22:40
25,silverorbit23,silverorbit23@seeded.app,2024-01-15 02:44:16
26,vividtrail07,vividtrail07@opswise.net,2025-01-16 04:23:42
27,keentrail87,keentrail87@relay.cloud,2024-03-31 16:31:50
28,vividbeacon21,vividbeacon21@seeded.app,2024-10-07 15:56:41
29,youngvalley73,youngvalley73@hackstack.io,2025-02-13 10:11:13
30,livelybeacon97,livelybeacon97@opswise.net,2025-03-08 06:46:10
31,briskuplink20,briskuplink20@hackstack.io,2024-12-07 16:19:59
32,keenuplink71,keenuplink71@seeded.app,2024-09-16 19:42:53
33,mellownetwork07,mellownetwork07@example.com,2025-11-25 05:28:36
34,ivorywindow12,ivorywindow12@opswise.net,2024-08-11 06:34:02
35,silverfield42,silverfield42@hackstack.io,2025-12-01 06:54:31
36,vividfield52,vividfield52@opswise.net,2024-04-22 21:11:16
37,goldmeadow17,goldmeadow17@hackstack.io,2025-02-04 06:00:10
38,amberjourney59,amberjourney59@example.com,2024-11-02 11:01:05
39,quietwindow43,quietwindow43@relay.cloud,2025-04-01 10:44:01
40,livelyquartz79,livelyquartz79@relay.cloud,2025-07-05 14:37:58
41,youngyard21,youngyard21@relay.cloud,2024-09-02 17:02:59
42,youngmeadow48,youngmeadow48@example.com,2024-07-30 14:34:09
43,navygarden88,navygarden88@seeded.app,2024-06-05 00:46:48
44,cobaltcanyon23,cobaltcanyon23@seeded.app,2025-04-27 18:56:13
45,opaldelta27,opaldelta27@seeded.app,2025-10-19 09:31:24
46,calmgarden75,calmgarden75@acme.dev,2025-03-05 03:44:31
47,clearisland17,clearisland17@opswise.net,2025-02-13 04:31:55
48,livelyquartz49,livelyquartz49@example.com,2025-08-14 18:58:31
49,mellowmeadow91,mellowmeadow91@hackstack.io,2025-07-15 07:51:42
50,dawngarden78,dawngarden78@acme.dev,2025-06-07 03:08:31
51,goldsignal69,goldsignal69@seeded.app,2025-05-05 09:27:40
52,forestgarden93,forestgarden93@hackstack.io,2025-08-04 22:33:01
53,urbanisland80,urbanisland80@relay.cloud,2024-06-03 09:34:50
54,cobaltjourney45,cobaltjourney45@acme.dev,2025-12-20 07:59:55
55,vividkernel53,vividkernel53@opswise.net,2024-02-25 22:14:23
56,ambertrail95,ambertrail95@seeded.app,2024-08-17 10:09:58
57,livelybeacon86,livelybeacon86@seeded.app,2025-02-23 03:56:33
58,embergarden09,embergarden09@seeded.app,2024-08-25 03:26:22
59,navysignal64,navysignal64@example.com,2025-10-13 07:37:41
60,rapidorbit19,rapidorbit19@relay.cloud,2025-06-27 13:42:38
61,warmbeacon88,warmbeacon88@opswise.net,2025-09-13 22:23:55
62,youngcanyon07,youngcanyon07@relay.cloud,2025-10-19 00:18:36
63,keenlagoon26,keenlagoon26@acme.dev,2025-07-27 18:34:42
64,ivorymeadow85,ivorymeadow85@opswise.net,2024-05-31 16:59:57
65,livelyengine64,livelyengine64@example.com,2025-03-16 05:38:00
66,calmquartz60,calmquartz60@opswise.net,2025-02-10 19:57:27
67,youngnetwork03,youngnetwork03@acme.dev,2025-02-02 04:37:08
68,jaderiver57,jaderiver57@opswise.net,2024-08-11 09:04:16
69,ivoryisland56,ivoryisland56@opswise.net,2024-01-07 22:35:02
70,quietanchor76,quietanchor76@opswise.net,2025-02-20 15:35:09
71,keenuplink79,keenuplink79@hackstack.io,2025-04-04 12:18:38
72,cobaltanchor15,cobaltanchor15@acme.dev,2024-04-19 07:46:31
73,briskkernel01,briskkernel01@opswise.net,2024-04-20 08:36:39
74,keenzenith79,keenzenith79@hackstack.io,2025-07-03 13:16:25
75,rapidvalley03,rapidvalley03@opswise.net,2025-12-02 04:02:30
76,briskkernel95,briskkernel95@example.com,2025-05-27 14:33:12
77,embernetwork25,embernetwork25@example.com,2025-07-26 10:22:18
78,forestriver21,forestriver21@seeded.app,2025-11-25 16:09:43
79,clearmeadow88,clearmeadow88@relay.cloud,2025-04-17 17:40:09
80,opalsignal46,opalsignal46@opswise.net,2024-07-18 23:31:27
81,proudsignal63,proudsignal63@seeded.app,2025-08-29 04:54:53
82,briskisland06,briskisland06@acme.dev,2024-05-23 13:01:10
83,urbanwindow82,urbanwindow82@hackstack.io,2024-04-21 20:19:10
84,calmlagoon56,calmlagoon56@hackstack.io,2025-11-25 16:04:06
85,dawnharvest67,dawnharvest67@relay.cloud,2025-02-26 00:35:56
86,silverdelta39,silverdelta39@hackstack.io,2025-10-23 19:55:21
87,quiettrail32,quiettrail32@relay.cloud,2025-10-14 03:45:55
88,quietharvest64,quietharvest64@seeded.app,2024-09-16 13:12:19
89,clearfield37,clearfield37@example.com,2024-11-29 19:10:02
90,warmnetwork95,warmnetwork95@seeded.app,2025-12-11 23:55:52
91,warmriver89,warmriver89@opswise.net,2024-11-16 06:21:20
92,clearengine75,clearengine75@hackstack.io,2025-10-14 05:12:59
93,warmpioneer69,warmpioneer69@relay.cloud,2024-08-03 06:40:04
94,dawnnetwork06,dawnnetwork06@hackstack.io,2025-04-28 08:48:30
95,youngmeadow46,youngmeadow46@acme.dev,2024-05-10 14:08:08
96,livelykernel67,livelykernel67@acme.dev,2025-07-24 11:43:28
97,clearsignal10,clearsignal10@acme.dev,2024-02-06 11:27:21
98,silverharvest04,silverharvest04@example.com,2025-11-23 04:34:07
99,forestisland24,forestisland24@acme.dev,2025-10-28 16:30:25
100,cleargarden25,cleargarden25@example.com,2025-12-03 10:08:03
101,youngharvest07,youngharvest07@acme.dev,2025-10-15 10:17:14
102,emberyard99,emberyard99@acme.dev,2024-10-01 00:52:58
103,keenmeadow40,keenmeadow40@opswise.net,2024-07-21 01:48:47
104,ivorykernel25,ivorykernel25@relay.cloud,2025-07-31 12:21:48
105,warmfield02,warmfield02@seeded.app,2024-05-13 20:41:40
106,cobaltriver43,cobaltriver43@acme.dev,2025-05-10 10:34:37
107,goldvalley13,goldvalley13@relay.cloud,2024-01-20 03:05:32
108,jadeorbit47,jadeorbit47@hackstack.io,2025-10-23 06:47:31
109,proudriver51,proudriver51@example.com,2024-05-08 12:58:44
110,keenharvest59,keenharvest59@acme.dev,2024-01-05 23:31:10
111,goldriver75,goldriver75@seeded.app,2024-06-13 05:19:44
112,harboranchor53,harboranchor53@opswise.net,2025-02-16 08:32:52
113,prouddelta21,prouddelta21@opswise.net,2024-04-13 18:08:53
114,golddelta69,golddelta69@hackstack.io,2026-01-04 17:47:33
115,forestharvest34,forestharvest34@relay.cloud,2025-03-10 03:48:23
116,vividyard05,vividyard05@hackstack.io,2024-03-20 18:48:06
117,rapidquartz32,rapidquartz32@hackstack.io,2024-06-29 18:28:14
118,harborwindow31,harborwindow31@hackstack.io,2024-11-30 16:34:58
119,warmjourney66,warmjourney66@example.com,2024-07-06 23:14:00
120,mellowriver50,mellowriver50@opswise.net,2024-02-10 13:24:20
121,livelynetwork48,livelynetwork48@relay.cloud,2025-09-14 05:49:13
122,emberisland39,emberisland39@relay.cloud,2025-04-14 06:28:58
123,briskvalley53,briskvalley53@opswise.net,2025-02-15 10:27:00
124,navyuplink95,navyuplink95@relay.cloud,2024-12-24 08:10:47
125,navydelta35,navydelta35@seeded.app,2026-01-03 11:10:24
126,silversignal20,silversignal20@hackstack.io,2025-03-28 06:29:55
127,tidyisland41,tidyisland41@hackstack.io,2024-09-26 10:17:06
128,livelysignal06,livelysignal06@seeded.app,2024-02-15 07:54:15
129,opalharvest04,opalharvest04@opswise.net,2024-08-27 08:18:37
130,forestlagoon33,forestlagoon33@seeded.app,2025-07-10 11:39:39
131,calmanchor58,calmanchor58@opswise.net,2025-10-30 12:14:03
132,quietorbit07,quietorbit07@seeded.app,2025-01-18 12:48:31
133,harboranchor77,harboranchor77@example.com,2025-02-20 16:18:24
134,calmgarden39,calmgarden39@seeded.app,2024-01-21 01:45:02
135,rapidcanyon63,rapidcanyon63@opswise.net,2024-06-18 23:44:22
136,briskvalley63,briskvalley63@opswise.net,2024-11-09 20:44:33
137,emberfield83,emberfield83@example.com,2024-01-30 23:18:19
138,dawnjourney57,dawnjourney57@hackstack.io,2025-02-21 03:58:00
139,youngyard62,youngyard62@hackstack.io,2025-01-09 15:24:33
140,ivorysignal70,ivorysignal70@hackstack.io,2024-02-20 01:21:37
141,keenyard54,keenyard54@acme.dev,2024-03-19 13:33:19
142,ivoryfield41,ivoryfield41@acme.dev,2024-08-03 03:36:33
143,urbanlagoon23,urbanlagoon23@acme.dev,2024-09-22 18:55:54
144,calmgarden64,calmgarden64@opswise.net,2025-02-20 04:00:24
145,mellowlagoon02,mellowlagoon02@example.com,2025-10-30 07:37:57
146,navydelta34,navydelta34@opswise.net,2025-07-21 15:41:55
147,clearlagoon48,clearlagoon48@example.com,2025-10-04 15:51:06
148,rapidorbit87,rapidorbit87@seeded.app,2025-03-18 07:44:46
149,urbanvalley90,urbanvalley90@seeded.app,2024-03-22 13:50:45
150,clearengine59,clearengine59@relay.cloud,2025-09-22 16:45:08
151,youngquartz50,youngquartz50@hackstack.io,2026-01-23 20:08:19
152,ivorywindow47,ivorywindow47@relay.cloud,2025-05-23 16:58:21
153,tidyquartz89,tidyquartz89@opswise.net,2025-09-06 17:59:31
154,jadebeacon04,jadebeacon04@seeded.app,2024-08-28 01:59:16
155,cobaltlagoon99,cobaltlagoon99@relay.cloud,2025-01-31 06:17:23
156,briskpioneer22,briskpioneer22@acme.dev,2024-02-12 22:05:13
157,cobaltorbit82,cobaltorbit82@example.com,2025-07-11 06:08:40
158,livelykernel58,livelykernel58@hackstack.io,2025-04-19 19:41:49
159,rapidjourney22,rapidjourney22@hackstack.io,2024-08-16 08:25:20
160,proudgarden58,proudgarden58@example.com,2024-03-28 12:04:25
161,cleartrail41,cleartrail41@relay.cloud,2024-12-27 10:01:51
162,warmengine64,warmengine64@hackstack.io,2025-07-27 05:34:55
163,youngengine24,youngengine24@relay.cloud,2024-10-07 09:44:01
164,calmbeacon04,calmbeacon04@hackstack.io,2025-01-31 16:49:38
165,rapidtrail52,rapidtrail52@seeded.app,2025-08-02 19:54:25
166,warmbeacon55,warmbeacon55@hackstack.io,2025-08-15 09:52:20
167,quietgarden68,quietgarden68@opswise.net,2025-08-07 06:59:39
168,livelydelta36,livelydelta36@hackstack.io,2025-07-27 14:02:27
169,warmlagoon52,warmlagoon52@hackstack.io,2025-07-27 16:15:01
170,cobaltriver62,cobaltriver62@seeded.app,2025-11-19 15:01:59
171,dawnorbit47,dawnorbit47@example.com,2025-11-25 12:45:54
172,keenmeadow42,keenmeadow42@example.com,2024-05-07 14:29:03
173,warmzenith25,warmzenith25@acme.dev,2024-10-09 06:05:40
174,navyriver87,navyriver87@example.com,2025-03-21 15:43:53
175,clearwindow72,clearwindow72@relay.cloud,2025-11-10 19:08:38
176,mellowkernel05,mellowkernel05@seeded.app,2025-03-29 00:39:10
177,amberjourney44,amberjourney44@example.com,2025-09-21 01:08:26
178,tidydelta35,tidydelta35@hackstack.io,2025-09-20 07:28:13
179,silverkernel84,silverkernel84@acme.dev,2024-04-28 18:22:16
180,livelypioneer15,livelypioneer15@acme.dev,2024-12-13 03:44:29
181,cobaltfield96,cobaltfield96@relay.cloud,2024-06-25 11:23:28
182,youngbeacon13,youngbeacon13@opswise.net,2025-05-12 10:23:21
183,amberquartz95,amberquartz95@example.com,2025-05-10 02:21:42
184,navyuplink41,navyuplink41@relay.cloud,2025-12-14 02:42:48
185,ivoryuplink11,ivoryuplink11@relay.cloud,2025-09-25 08:18:51
186,amberharvest80,amberharvest80@opswise.net,2025-02-28 23:57:35
187,opaluplink38,opaluplink38@example.com,2024-05-06 22:38:23
188,keenfield72,keenfield72@acme.dev,2024-04-16 22:30:43
189,youngzenith77,youngzenith77@example.com,2025-01-09 10:44:23
190,prouddelta85,prouddelta85@example.com,2025-11-13 12:04:55
191,rapidfield14,rapidfield14@relay.cloud,2026-01-01 18:37:42
192,navyriver83,navyriver83@example.com,2025-03-10 20:22:00
193,prouduplink40,prouduplink40@acme.dev,2025-09-28 09:01:22
194,clearjourney60,clearjourney60@hackstack.io,2024-01-01 22:25:50
195,opalisland23,opalisland23@hackstack.io,2025-10-09 04:18:50
196,briskpioneer20,briskpioneer20@acme.dev,2024-09-11 11:45:09
197,proudorbit03,proudorbit03@opswise.net,2025-09-17 13:32:37
198,proudgarden89,proudgarden89@example.com,2025-03-05 17:41:14
199,rapidorbit74,rapidorbit74@relay.cloud,2024-04-05 23:11:04
200,briskcanyon29,briskcanyon29@seeded.app,2024-06-20 10:53:02
201,urbanquartz73,urbanquartz73@example.com,2025-06-13 01:39:08
202,cobaltorbit45,cobaltorbit45@opswise.net,2025-08-04 16:01:35
203,golddelta98,golddelta98@seeded.app,2025-02-12 18:12:29
204,clearkernel13,clearkernel13@seeded.app,2024-04-20 01:56:02
205,livelyengine55,livelyengine55@opswise.net,2024-03-13 09:44:55
206,forestmeadow83,forestmeadow83@seeded.app,2024-12-09 06:56:49
207,emberpioneer54,emberpioneer54@hackstack.io,2024-02-01 11:07:32
208,emberlagoon85,emberlagoon85@relay.cloud,2025-07-16 18:12:31
209,quietisland99,quietisland99@example.com,2025-06-03 05:00:58
210,opalharvest83,opalharvest83@example.com,2024-07-09 15:34:48
211,calmkernel31,calmkernel31@relay.cloud,2025-07-04 02:11:52
212,mellowharvest69,mellowharvest69@relay.cloud,2025-11-19 07:55:53
213,quietisland83,quietisland83@acme.dev,2025-01-18 09:52:50
214,urbanpioneer03,urbanpioneer03@example.com,2024-11-03 17:03:23
215,cobaltquartz72,cobaltquartz72@example.com,2025-06-30 00:59:31
216,keenisland05,keenisland05@seeded.app,2025-03-01 22:46:04
217,vividuplink83,vividuplink83@acme.dev,2024-07-15 00:30:13
218,youngisland27,youngisland27@opswise.net,2024-10-10 04:06:05
219,cobalttrail31,cobalttrail31@example.com,2025-05-26 08:43:12
220,mellowbeacon26,mellowbeacon26@acme.dev,2024-05-29 07:20:30
221,goldlagoon88,goldlagoon88@example.com,2025-03-31 06:00:54
222,calmriver51,calmriver51@acme.dev,2024-09-25 11:04:30
223,vividcanyon87,vividcanyon87@seeded.app,2025-11-15 04:40:29
224,embermeadow55,embermeadow55@relay.cloud,2024-08-23 07:03:34
225,harbortrail69,harbortrail69@hackstack.io,2026-01-22 22:25:20
226,opalzenith02,opalzenith02@example.com,2024-05-19 08:14:35
227,mellowcanyon75,mellowcanyon75@acme.dev,2025-08-15 18:10:56
228,quietgarden38,quietgarden38@relay.cloud,2025-12-27 04:16:29
229,emberyard02,emberyard02@hackstack.io,2025-11-06 21:33:26
230,youngbeacon10,youngbeacon10@hackstack.io,2024-09-14 20:37:22
231,briskvalley33,briskvalley33@hackstack.io,2024-08-27 16:56:35
232,navypioneer33,navypioneer33@opswise.net,2025-12-15 03:30:13
233,emberyard79,emberyard79@acme.dev,2024-08-01 19:47:55
234,goldpioneer15,goldpioneer15@seeded.app,2025-12-19 06:24:12
235,emberanchor40,emberanchor40@acme.dev,2025-05-01 20:24:24
236,tidyengine36,tidyengine36@opswise.net,2024-04-28 14:51:28
237,keenzenith97,keenzenith97@acme.dev,2024-12-06 20:06:59
238,forestharvest46,forestharvest46@hackstack.io,2025-07-20 03:37:08
239,clearjourney34,clearjourney34@example.com,2025-02-03 13:01:03
240,keenbeacon71,keenbeacon71@acme.dev,2025-02-12 04:28:40
241,proudzenith19,proudzenith19@relay.cloud,2025-02-18 15:05:08
242,youngsignal32,youngsignal32@example.com,2025-07-23 08:39:53
243,clearwindow81,clearwindow81@example.com,2025-11-02 12:09:25
244,keenmeadow16,keenmeadow16@hackstack.io,2024-05-05 05:57:46
245,amberbeacon97,amberbeacon97@acme.dev,2025-08-12 04:56:37
246,urbanlagoon78,urbanlagoon78@hackstack.io,2024-07-08 14:47:11
247,ivoryyard01,ivoryyard01@opswise.net,2024-01-12 04:57:20
248,harborbeacon38,harborbeacon38@hackstack.io,2024-10-15 17:43:24
249,ivoryvalley60,ivoryvalley60@acme.dev,2025-08-02 07:04:37
250,livelygarden75,livelygarden75@relay.cloud,2024-06-04 15:44:24
251,warmwindow04,warmwindow04@opswise.net,2024-07-11 01:10:34
252,navygarden26,navygarden26@relay.cloud,2025-05-07 08:53:56
253,opalnetwork73,opalnetwork73@seeded.app,2025-01-03 20:15:48
254,navyorbit65,navyorbit65@seeded.app,2024-04-10 19:13:03
255,livelyisland39,livelyisland39@hackstack.io,2025-03-15 00:29:18
256,urbansignal40,urbansignal40@acme.dev,2024-10-05 22:21:41
257,forestpioneer59,forestpioneer59@seeded.app,2024-05-23 10:07:47
258,dawnkernel94,dawnkernel94@hackstack.io,2025-11-22 05:30:58
259,calmriver71,calmriver71@example.com,2025-12-01 18:44:10
260,clearvalley87,clearvalley87@acme.dev,2025-07-16 11:15:00
261,cobaltanchor12,cobaltanchor12@seeded.app,2024-12-30 09:04:00
262,harborpioneer92,harborpioneer92@acme.dev,2024-06-21 01:32:04
263,rapidisland68,rapidisland68@seeded.app,2025-03-02 16:56:44
264,briskgarden23,briskgarden23@relay.cloud,2024-02-07 06:20:37
265,forestvalley30,forestvalley30@example.com,2025-08-20 12:29:14
266,ivoryriver35,ivoryriver35@seeded.app,2025-05-18 18:32:58
267,opalgarden65,opalgarden65@seeded.app,2025-05-03 03:05:31
268,forestanchor58,forestanchor58@relay.cloud,2024-01-02 21:36:49
269,quietisland89,quietisland89@opswise.net,2025-04-14 04:55:09
270,vividnetwork97,vividnetwork97@example.com,2024-02-21 06:40:12
271,ivoryriver52,ivoryriver52@acme.dev,2026-01-11 13:12:47
272,forestkernel68,forestkernel68@hackstack.io,2025-12-17 17:34:21
273,brisklagoon19,brisklagoon19@hackstack.io,2025-04-16 15:40:51
274,opalorbit50,opalorbit50@seeded.app,2025-04-19 02:50:53
275,briskwindow53,briskwindow53@opswise.net,2025-10-30 12:04:59
276,briskcanyon57,briskcanyon57@seeded.app,2024-01-01 07:07:31
277,youngcanyon85,youngcanyon85@opswise.net,2025-01-16 12:11:18
278,navypioneer05,navypioneer05@opswise.net,2025-12-20 10:01:45
279,clearorbit52,clearorbit52@opswise.net,2025-09-09 08:09:33
280,harborjourney55,harborjourney55@relay.cloud,2025-06-01 09:25:21
281,ivoryriver30,ivoryriver30@opswise.net,2024-12-20 18:49:59
282,warmjourney42,warmjourney42@example.com,2025-11-04 23:27:26
283,warmgarden86,warmgarden86@relay.cloud,2025-08-16 09:38:07
284,tidyyard60,tidyyard60@acme.dev,2025-06-11 06:05:57
285,navysignal70,navysignal70@example.com,2024-10-17 20:44:09
286,briskanchor83,briskanchor83@seeded.app,2025-11-24 20:55:21
287,calmvalley49,calmvalley49@relay.cloud,2025-01-11 20:18:22
288,embercanyon08,embercanyon08@example.com,2025-10-29 13:04:44
289,opalquartz57,opalquartz57@opswise.net,2024-04-20 11:29:36
290,jadelagoon02,jadelagoon02@relay.cloud,2024-10-10 01:04:17
291,urbanyard03,urbanyard03@opswise.net,2025-03-25 18:43:34
292,goldvalley28,goldvalley28@hackstack.io,2025-01-21 21:54:17
293,calmwindow61,calmwindow61@seeded.app,2025-04-09 12:18:55
294,vividorbit69,vividorbit69@example.com,2024-11-02 15:34:35
295,silveruplink85,silveruplink85@acme.dev,2025-10-22 05:46:15
296,embertrail57,embertrail57@seeded.app,2024-01-14 12:04:35
297,silvertrail29,silvertrail29@seeded.app,2024-04-20 03:23:26
298,tidyuplink79,tidyuplink79@hackstack.io,2026-01-25 08:29:40
299,jadelagoon99,jadelagoon99@example.com,2024-02-15 23:21:31
300,livelykernel35,livelykernel35@relay.cloud,2024-09-07 07:02:21
301,warmorbit81,warmorbit81@relay.cloud,2026-01-31 20:10:46
302,opalsignal00,opalsignal00@relay.cloud,2025-08-23 18:04:31
303,ivorymeadow69,ivorymeadow69@seeded.app,2025-04-19 00:01:48
304,cobaltharvest59,cobaltharvest59@acme.dev,2024-03-05 23:54:48
305,briskdelta25,briskdelta25@acme.dev,2024-07-10 07:28:04
306,ivoryvalley31,ivoryvalley31@relay.cloud,2025-09-09 14:02:15
307,cleargarden62,cleargarden62@relay.cloud,2024-01-06 07:33:50
308,clearnetwork28,clearnetwork28@opswise.net,2024-02-10 10:17:51
309,silvertrail12,silvertrail12@acme.dev,2025-09-15 23:41:03
310,harborwindow30,harborwindow30@hackstack.io,2024-12-10 09:11:36
311,proudengine58,proudengine58@opswise.net,2024-09-09 21:53:30
312,navysignal52,navysignal52@example.com,2025-11-28 10:43:12
313,keenriver67,keenriver67@relay.cloud,2025-03-09 07:08:21
314,rapidyard54,rapidyard54@hackstack.io,2024-04-03 03:08:44
315,keenuplink62,keenuplink62@acme.dev,2024-03-19 20:32:31
316,quietanchor38,quietanchor38@example.com,2024-12-18 12:07:58
317,ivorybeacon42,ivorybeacon42@opswise.net,2025-09-22 10:35:59
318,silverharvest34,silverharvest34@example.com,2024-11-21 17:44:00
319,ambervalley94,ambervalley94@relay.cloud,2025-02-22 20:39:57
320,keenbeacon23,keenbeacon23@relay.cloud,2026-01-21 22:25:34
321,youngdelta44,youngdelta44@seeded.app,2024-05-03 01:34:41
322,vividtrail52,vividtrail52@opswise.net,2024-11-30 11:25:16
323,goldisland23,goldisland23@relay.cloud,2024-12-20 03:02:20
324,keenquartz49,keenquartz49@hackstack.io,2025-08-25 08:43:33
325,emberanchor27,emberanchor27@opswise.net,2025-12-18 08:46:38
326,mellowkernel03,mellowkernel03@opswise.net,2025-08-20 22:39:39
327,goldwindow14,goldwindow14@acme.dev,2025-12-20 02:46:40
328,urbanharvest81,urbanharvest81@relay.cloud,2025-11-26 09:41:53
329,keenorbit02,keenorbit02@seeded.app,2025-07-28 12:07:50
330,briskvalley84,briskvalley84@hackstack.io,2024-03-11 18:36:40
331,tidypioneer79,tidypioneer79@relay.cloud,2025-09-10 04:06:27
332,livelyfield27,livelyfield27@acme.dev,2025-10-17 12:40:33
333,youngtrail17,youngtrail17@opswise.net,2024-05-15 16:19:46
334,proudzenith17,proudzenith17@seeded.app,2025-12-27 08:32:40
335,proudanchor87,proudanchor87@seeded.app,2024-07-04 07:06:48
336,emberpioneer30,emberpioneer30@acme.dev,2024-05-16 03:27:33
337,urbancanyon70,urbancanyon70@example.com,2024-10-25 08:45:23
338,ivorypioneer18,ivorypioneer18@seeded.app,2024-11-10 22:48:52
339,emberengine11,emberengine11@hackstack.io,2024-02-07 01:12:08
340,cobaltriver38,cobaltriver38@relay.cloud,2024-02-25 03:16:11
341,ivoryfield99,ivoryfield99@example.com,2025-05-28 15:07:50
342,clearuplink34,clearuplink34@hackstack.io,2024-05-18 05:01:23
343,dawnjourney14,dawnjourney14@seeded.app,2026-01-14 16:31:33
344,tidyisland23,tidyisland23@opswise.net,2025-08-02 12:51:17
345,calmjourney01,calmjourney01@relay.cloud,2025-01-16 07:10:29
346,quietfield81,quietfield81@relay.cloud,2024-09-01 18:28:51
347,calmisland50,calmisland50@hackstack.io,2024-10-23 03:29:03
348,navydelta54,navydelta54@relay.cloud,2025-08-04 14:13:20
349,warmyard15,warmyard15@relay.cloud,2025-08-21 12:17:06
350,dawnlagoon14,dawnlagoon14@relay.cloud,2024-03-30 01:20:16
351,goldbeacon33,goldbeacon33@seeded.app,2024-08-09 22:17:29
352,rapidengine21,rapidengine21@hackstack.io,2024-02-19 23:03:36
353,urbanharvest64,urbanharvest64@relay.cloud,2024-03-02 04:24:38
354,calmcanyon35,calmcanyon35@relay.cloud,2025-02-18 12:36:13
355,clearquartz87,clearquartz87@example.com,2024-09-21 12:16:31
356,proudanchor89,proudanchor89@hackstack.io,2024-07-13 16:30:49
357,calmmeadow99,calmmeadow99@example.com,2024-11-12 09:19:08
358,emberriver44,emberriver44@opswise.net,2025-04-28 15:18:51
359,calmharvest56,calmharvest56@example.com,2025-05-11 13:17:25
360,ivoryfield85,ivoryfield85@hackstack.io,2025-03-25 17:49:56
361,ambertrail99,ambertrail99@seeded.app,2025-04-22 22:20:21
362,briskengine72,briskengine72@opswise.net,2024-10-13 21:02:10
363,warmsignal67,warmsignal67@seeded.app,2024-10-04 00:01:28
364,opalquartz33,opalquartz33@acme.dev,2025-03-17 13:48:15
365,calmkernel66,calmkernel66@hackstack.io,2024-09-09 13:00:45
366,clearfield34,clearfield34@opswise.net,2024-04-17 20:58:11
367,keensignal54,keensignal54@hackstack.io,2025-05-07 10:47:51
368,cobaltanchor13,cobaltanchor13@hackstack.io,2025-08-10 02:45:42
369,proudisland06,proudisland06@seeded.app,2024-06-22 13:14:59
370,warmmeadow68,warmmeadow68@opswise.net,2025-04-06 11:32:51
371,ivoryzenith32,ivoryzenith32@relay.cloud,2025-05-18 18:09:54
372,keenyard18,keenyard18@example.com,2024-06-22 16:24:03
373,quietnetwork32,quietnetwork32@hackstack.io,2025-02-12 21:31:47
374,briskjourney80,briskjourney80@example.com,2024-12-13 22:28:21
375,quietpioneer50,quietpioneer50@opswise.net,2024-09-06 22:14:36
376,younglagoon36,younglagoon36@opswise.net,2025-07-16 07:08:50
377,opalkernel15,opalkernel15@seeded.app,2024-04-06 11:52:43
378,youngfield39,youngfield39@seeded.app,2025-10-06 17:16:14
379,navygarden83,navygarden83@seeded.app,2025-06-05 19:34:19
380,navyisland32,navyisland32@acme.dev,2024-09-05 13:02:34
381,ivoryriver96,ivoryriver96@acme.dev,2025-01-28 09:26:05
382,livelysignal67,livelysignal67@seeded.app,2024-11-07 00:53:29
383,silverbeacon97,silverbeacon97@example.com,2025-10-06 23:06:42
384,cobaltyard59,cobaltyard59@example.com,2025-04-21 01:14:23
385,cobaltvalley53,cobaltvalley53@hackstack.io,2025-08-12 06:24:36
386,ivorysignal86,ivorysignal86@seeded.app,2025-07-23 03:18:10
387,silverlagoon54,silverlagoon54@opswise.net,2025-08-27 02:50:45
388,briskquartz07,briskquartz07@example.com,2025-10-12 05:02:53
389,tidylagoon54,tidylagoon54@seeded.app,2025-06-07 22:14:35
390,urbanbeacon67,urbanbeacon67@relay.cloud,2024-09-18 18:59:42
391,dawnharvest34,dawnharvest34@example.com,2024-08-01 04:06:46
392,youngwindow73,youngwindow73@acme.dev,2026-01-25 03:14:00
393,cobaltanchor71,cobaltanchor71@seeded.app,2024-04-16 20:11:52
394,cobaltharvest74,cobaltharvest74@relay.cloud,2025-01-05 03:04:32
395,harborbeacon75,harborbeacon75@acme.dev,2025-07-23 03:46:52
396,silvergarden67,silvergarden67@acme.dev,2024-12-13 10:47:47
397,clearjourney35,clearjourney35@acme.dev,2025-05-18 17:01:49
398,embermeadow51,embermeadow51@opswise.net,2024-07-25 23:55:17
399,keendelta27,keendelta27@example.com,2025-02-11 01:26:46
400,dawnwindow95,dawnwindow95@seeded.app,2024-10-25 03:11:41
